<?xml version="1.0" encoding="utf-8"?>
<Patch>
	<Operation Class="PatchOperationReplace">
		<xpath>*/GenStepDef[defName = "Settlement"]/genStep/
		nearMapCenter</xpath>
		<value>
			<nearMapCenter>false</nearMapCenter>
		</value>
	</Operation>

  <Operation Class="PatchOperationAdd">
		<xpath>*/ThingDef[defName = "TornadoGenerator"]</xpath>
		<value>
      <weaponTags>
        <li>TornadoUsable</li>
      </weaponTags>
		</value>
	</Operation>

	<Operation Class="PatchOperationRemove">
    <xpath>*/ThingDef[defName="Joywire"]/techHediffsTags</xpath>
  </Operation>
</Patch>
