<?xml version="1.0" encoding="utf-8" ?>
<Defs>

<!-- MERCENARIES -->

<PawnKindDef ParentName="MercenaryMidTierBase">
  <defName>Mercenary_SlasherDefender</defName>
  <label>mercenary slasher</label>
  <itemQuality>Excellent</itemQuality>

  <combatPower>150</combatPower>
  <gearHealthRange>
    <min>0.7</min>
    <max>3.2</max>
  </gearHealthRange>
  <apparelTags>
    <li>IndustrialAdvanced</li>
    <li>IndustrialMilitaryBasic</li>
    <li>IndustrialMilitaryAdvanced</li>
    <li>SpacerMilitary</li>
  </apparelTags>
  <apparelRequired>
    <li>Apparel_ShieldBelt</li>
  </apparelRequired>
  <apparelMoney>
    <min>1000</min>
    <max>5000</max>
  </apparelMoney>
  <apparelAllowHeadgearChance>0.9</apparelAllowHeadgearChance>
  <weaponMoney>
    <min>2000</min>
    <max>5000</max>
  </weaponMoney>
  <weaponTags>
    <li>MedievalMeleeAdvanced</li>
  </weaponTags>
</PawnKindDef>

<PawnKindDef ParentName="MercenaryMidTierBase">
  <defName>Mercenary_HeavyDefender</defName>
  <label>heavy mercenary</label>
  <labelPlural>heavy mercenaries</labelPlural>
  <combatPower>150</combatPower>
  <gearHealthRange>
    <min>0.7</min>
    <max>3.2</max>
  </gearHealthRange>
  <apparelTags>
    <li>IndustrialBasic</li>
    <li>IndustrialAdvanced</li>
    <li>IndustrialMilitaryBasic</li>
    <li>IndustrialMilitaryAdvanced</li>
    <li>BeltDefensePop</li>
  </apparelTags>
  <apparelMoney>
    <min>200</min>
    <max>2000</max>
  </apparelMoney>
  <apparelAllowHeadgearChance>0.8</apparelAllowHeadgearChance>
  <weaponMoney>
    <min>5000</min>
    <max>10000</max>
  </weaponMoney>
  <weaponTags>
    <li>GunHeavy</li>
  </weaponTags>
</PawnKindDef>

<PawnKindDef ParentName="MercenaryEliteTierBase">
  <defName>EliteDefender</defName>
  <label>elite defender</label>
  <labelPlural>elite defenders</labelPlural>
  <baseRecruitDifficulty>0.90</baseRecruitDifficulty>
  <itemQuality>Excellent</itemQuality>

  <maxGenerationAge>60</maxGenerationAge>
  <combatPower>150</combatPower>
  <backstoryCryptosleepCommonality>0.25</backstoryCryptosleepCommonality>
  <gearHealthRange>
    <min>1</min>
    <max>1</max>
  </gearHealthRange>
  <apparelTags>
    <li>IndustrialMilitaryBasic</li>
    <li>IndustrialMilitaryAdvanced</li>
    <li>SpacerMilitary</li>
    <li>BeltDefensePop</li>
  </apparelTags>
  <apparelMoney>
    <min>1000</min>
    <max>100000</max>
  </apparelMoney>
  <apparelAllowHeadgearChance>0.9</apparelAllowHeadgearChance>
  <weaponMoney>
    <min>1000</min>
    <max>100000</max>
  </weaponMoney>
  <weaponTags>
    <li>IndustrialGunAdvanced</li>
    <li>SpacerGun</li>
    <li>MechanoidGunHeavy</li>
  </weaponTags>
  <techHediffsMoney>
    <min>2000</min>
    <max>100000</max>
  </techHediffsMoney>
  <techHediffsTags>
    <li>Advanced</li>
    <li>AdvancedWeapon</li>
  </techHediffsTags>
  <techHediffsChance>1</techHediffsChance>
</PawnKindDef>

<!-- PIRATES -->
<PawnKindDef ParentName="MercenaryEliteTierBase">
  <defName>PirateBossDefender</defName>
  <label>elite pirate</label>
  <labelPlural>elite pirates</labelPlural>
  <baseRecruitDifficulty>0.90</baseRecruitDifficulty>

  <minGenerationAge>30</minGenerationAge>
  <maxGenerationAge>40</maxGenerationAge>
  <itemQuality>Excellent</itemQuality>

  <combatPower>150</combatPower>
  <backstoryCryptosleepCommonality>0.25</backstoryCryptosleepCommonality>
  <gearHealthRange>
    <min>1</min>
    <max>1</max>
  </gearHealthRange>
  <apparelTags>
    <li>IndustrialMilitaryBasic</li>
    <li>IndustrialMilitaryAdvanced</li>
    <li>SpacerMilitary</li>
    <li>BeltDefensePop</li>
  </apparelTags>
  <apparelMoney>
    <min>1000</min>
    <max>10000</max>
  </apparelMoney>
  <apparelAllowHeadgearChance>0.9</apparelAllowHeadgearChance>
  <weaponMoney>
    <min>1000</min>
    <max>10000</max>
  </weaponMoney>
  <weaponTags>
    <li>IndustrialGunAdvanced</li>
  </weaponTags>
  <techHediffsMoney>
    <min>1600</min>
    <max>4000</max>
  </techHediffsMoney>
  <techHediffsTags>
    <li>Advanced</li>
    <li>AdvancedWeapon</li>
  </techHediffsTags>
  <techHediffsChance>0.5</techHediffsChance>
</PawnKindDef>

<!-- OUTLANDERS -->
<PawnKindDef ParentName="OutlanderBase">
	<defName>Town_GuardDefender</defName>
	<label>town guard</label>
	<combatPower>55</combatPower>
	<isFighter>true</isFighter>

	<gearHealthRange>
		<min>0.6</min>
		<max>2</max>
	</gearHealthRange>
	<apparelTags>
		<li>IndustrialAdvanced</li>
    <li>IndustrialMilitaryBasic</li>
		<li>IndustrialMilitaryAdvanced</li>
		<li>BeltDefensePop</li>
	</apparelTags>
	<apparelMoney>
		<min>600</min>
		<max>3000</max>
	</apparelMoney>
	<apparelAllowHeadgearChance>0.8</apparelAllowHeadgearChance>
	<weaponTags>
		<li>Gun</li>
	</weaponTags>
	<weaponMoney>
		<min>530</min>
		<max>5000</max>
	</weaponMoney>
	<techHediffsChance>0.2</techHediffsChance>
	<techHediffsMoney>
		<min>1600</min>
		<max>4000</max>
	</techHediffsMoney>
	<techHediffsTags>
		<li>Advanced</li>
	</techHediffsTags>
</PawnKindDef>

<!-- TRIBE -->
<PawnKindDef ParentName="TribalBase">
	<defName>Tribal_BerserkerDefender</defName>
	<label>berserker</label>
	<combatPower>90</combatPower>
	<canBeSapper>true</canBeSapper>
  <chemicalAddictionChance>0</chemicalAddictionChance>
	<apparelMoney>
		<min>300</min>
		<max>1000</max>
	</apparelMoney>
	<apparelRequired>
		<li>Apparel_WarMask</li>
    <li>Apparel_PlateArmor</li>
	</apparelRequired>
	<weaponMoney>
		<min>1000</min>
		<max>2000</max>
	</weaponMoney>
	<weaponTags>
		<li>NeolithicMeleeAdvanced</li>
    <li>MedievalMeleeAdvanced</li>
	</weaponTags>
  <inventoryOptions>
    <skipChance>0</skipChance>
    <subOptionsChooseOne>
      <li>
        <thingDef>Yayo</thingDef>
        <countRange>
          <min>1</min>
          <max>1</max>
        </countRange>
      </li>
    </subOptionsChooseOne>
  </inventoryOptions>
</PawnKindDef>

<PawnKindDef ParentName="TribalChiefBase">
	<defName>Tribal_ChiefMeleeDefender</defName>
	<label>elite berserker</label>
  <factionLeader>false</factionLeader>
  <chemicalAddictionChance>0</chemicalAddictionChance>
  <baseRecruitDifficulty>1</baseRecruitDifficulty>
  <apparelMoney>
    <min>1000</min>
    <max>3000</max>
  </apparelMoney>
  <weaponMoney>
    <min>2000</min>
    <max>5000</max>
  </weaponMoney>
	<weaponTags>
		<li>MedievalMeleeAdvanced</li>
	</weaponTags>
	<combatPower>130</combatPower>

  <minGenerationAge>25</minGenerationAge>
  <maxGenerationAge>40</maxGenerationAge>
  <itemQuality>Excellent</itemQuality>

  <inventoryOptions>
    <skipChance>0.1</skipChance>
    <subOptionsTakeAll>
      <li>
        <thingDef>Luciferium</thingDef>
        <countRange>
          <min>0</min>
          <max>1</max>
        </countRange>
      </li>
      <li>
        <thingDef>GoJuice</thingDef>
        <countRange>
          <min>1</min>
          <max>1</max>
        </countRange>
      </li>
    </subOptionsTakeAll>
  </inventoryOptions>

</PawnKindDef>

<PawnKindDef ParentName="TribalChiefBase">
	<defName>Tribal_ChiefRangedDefender</defName>
	<label>elite archer</label>
  <factionLeader>false</factionLeader>
	<weaponTags>
		<li>NeolithicRangedChief</li>
	</weaponTags>
	<combatPower>130</combatPower>
  <baseRecruitDifficulty>1</baseRecruitDifficulty>

  <minGenerationAge>25</minGenerationAge>
  <maxGenerationAge>40</maxGenerationAge>
  <itemQuality>Excellent</itemQuality>

  <inventoryOptions>
    <skipChance>0.8</skipChance>
    <subOptionsChooseOne>
      <li>
        <thingDef>GoJuice</thingDef>
        <countRange>
          <min>1</min>
          <max>1</max>
        </countRange>
      </li>
    </subOptionsChooseOne>
  </inventoryOptions>
</PawnKindDef>

<PawnKindDef ParentName="TribalChiefBase">
  <defName>Tribal_TornadoDefender</defName>
  <label>tornado caller</label>
  <labelPlural>tornado callers</labelPlural>
  <factionLeader>true</factionLeader>
  <combatPower>150</combatPower>
  <gearHealthRange>
    <min>0.7</min>
    <max>3.2</max>
  </gearHealthRange>
  <apparelTags>
    <li>Neolithic</li>
  </apparelTags>
  <apparelMoney>
    <min>120</min>
    <max>300</max>
  </apparelMoney>
  <apparelAllowHeadgearChance>0.8</apparelAllowHeadgearChance>
  <weaponMoney>
    <min>800</min>
    <max>800</max>
  </weaponMoney>
  <weaponTags>
    <li>TornadoUsable</li>
  </weaponTags>
  <apparelColor>(102,102,255)</apparelColor>
</PawnKindDef>

</Defs>
