<?xml version="1.0" encoding="utf-8" ?>
<Defs>

  <DutyDef>
    <defName>DefendBase</defName>
    <alwaysShowWeapon>true</alwaysShowWeapon>
    <thinkNode Class="ThinkNode_Priority">
      <subNodes>
        <li Class="PowerfulFactionBases.JobGiver_PrepareDefenderPawn" />
        <li Class="PowerfulFactionBases.JobGiver_TakeCombatLuciferium" />
        <li Class="JobGiver_TakeCombatEnhancingDrug">
          <onlyIfInDanger>true</onlyIfInDanger>
        </li>
        <li Class="JobGiver_AIDefendPoint">
          <targetAcquireRadius>75</targetAcquireRadius>
          <targetKeepRadius>80</targetKeepRadius>
        </li>
        <li Class="ThinkNode_ForbidOutsideFlagRadius">
          <maxDistToSquadFlag>20</maxDistToSquadFlag>
          <subNodes>
            <li Class="ThinkNode_Subtree">
              <treeDef>SatisfyBasicNeeds</treeDef>
            </li>
          </subNodes>
        </li>
        <li Class="JobGiver_SeekSafeTemperature" />
        <li Class="ThinkNode_ConditionalCloseToDutyTarget">
          <maxDistToDutyTarget>16</maxDistToDutyTarget>
          <subNodes>
            <li Class="JobGiver_WanderAnywhere">
              <wanderRadius>12</wanderRadius>
            </li>
          </subNodes>
        </li>
        <li Class="JobGiver_WanderNearDutyLocation" />
      </subNodes>
    </thinkNode>
  </DutyDef>

</Defs>
