<?xml version="1.0" encoding="utf-8" ?>
<Defs>

  <MapGeneratorDef ParentName="MapCommonBase">
    <defName>Base_Faction</defName>
    <genSteps>
      <li>RocksFromGrid</li>
      <li>Settlement</li>
      <li>SettlementPower</li>
    </genSteps>
  </MapGeneratorDef>

  <!-- Generate faction base -->
  <GenStepDef>
    <defName>Settlement</defName>
    <order>400</order>
    <genStep Class="PowerfulFactionBases.GenStep_Settlement">
      <count>2</count>
      <nearMapCenter>false</nearMapCenter>
    </genStep>
  </GenStepDef>

  <!-- Spawn power conduits -->
  <GenStepDef>
    <defName>SettlementPower</defName>
    <order>401</order>
    <genStep Class="GenStep_Power" />
  </GenStepDef>

</Defs>
